再生順,曲名,表示名,ユーザーID,時間(秒),URL,ソース
1,オープニング,十字架_mania,十字架_mania,74.4,saisyo.wav,特殊
2,【ヒカマニ】GPT.,にじまに_mania,nizimani_mania,102,https://www.youtube.com/watch?v=tPK24bDZrRc,リプ
3,Mrs. GREEN APPLE「Brand New」Official Music Video,匿名,heiwamania,221,https://www.youtube.com/watch?v=dePs7UPp6GQ,DM
4,誤ネット 今歌ってみた（shorts）,【公式】やじゅうキン,yaju_kln_,26.0,https://www.youtube.com/watch?v=fc6IE181RVg,リプ
5,春光,障子_mania,syouzi_mania,76.0,https://www.youtube.com/watch?v=EWASMp3m1gk,リプ
6,野獣先輩の生理事情 part2,佐倉芽瑠,reisentyansuki,126,https://www.nicovideo.jp/watch/sm43919132,リプ
7,オオエノバトルロイヤル,ネオるりま,sineyama_,185.0,https://www.youtube.com/watch?v=MV8sddlzHII,リプ
8,夏はsummer!! @ フリーBGM DOVA-SYNDROME OFFICIAL YouTube CHANNEL,ゲップパウダー_mania,gepumani,199.0,https://www.youtube.com/watch?v=gYqhtET5ej4,リプ
9,いえない / 重音テトSV【MV】,女性キンTV,saburoku_mania,130.0,https://www.youtube.com/watch?v=CVFmiIareJs,リプ
10,処女作のゴミ,匿名,DM,90.8,sakusaku.wav,DM
11,HIKAKIN & SEIKIN - コール,陰謀論_mania,MJzWM89LQA98608,365.0,https://www.youtube.com/watch?v=bR88P1rui7g,リプ
12,米津玄師　MV『ゴーゴー幽霊船』,あむあむ,amam2023181931,233.0,https://www.youtube.com/watch?v=2PqxOytUjz0,リプ
13,バカ腋臭,匿名,DM,165.0,https://www.youtube.com/watch?v=g1B212tGl_Y,DM
14,【ONICHA】APT.  feat.HIKAKIN 【鬼茶リミックス】,ちわっさん,aho_Chihuahua,239.0,https://www.youtube.com/watch?v=zB45CeI9eyk,リプ
15,【Hamas】Convulse Israel's Security,ミール・シャー,J0XtUuH6i830192,304.0,https://www.nicovideo.jp/watch/sm35929371,リプ
16,【音MAD】マニアカートWii　シコシコみさき,カツ丼_mania,katsudon_mania,96.0,https://www.youtube.com/watch?v=nR5rT1Nte1E,リプ
17,かめりあ(Camellia) - Observatory [From Paradigm: Reboot],☦︎︎⟡.·ヒカキン光輪.· ⟡☦︎︎,7095110mank,210.0,https://www.youtube.com/watch?v=rOOloM27AFM,リプ
18,[HD] Tommy february6 - ♥Lonely in Gorgeous♥,マキマニ,JJ_U_A8,254.0,https://www.youtube.com/watch?v=UHL9FeoytAk,リプ
19,野獣の光の中で,rn9ze,rn9ze,95.0,https://www.youtube.com/watch?v=08RvqHpmJTc,リプ
20,Cyberpunk: Edgerunners | This Fffire by Franz Ferdinand | Music Video,ほくほくポテト_mania,potato_mania810,212.0,https://www.youtube.com/watch?v=mH2wmyeiIpA,リプ
21,崩壊3rd公式MV 「永遠なる薪炎」挿入歌「Moon Halo」,erialsan,MCtech_Ringo,207.0,https://www.youtube.com/watch?v=VceZ7xrG4bk,リプ
22,【音MAD】A『V』A　/　オシッコモンスター設X・Y,大人向けmania,adultmanikun,88.0,https://www.youtube.com/watch?v=a1wPiJv8KsU,リプ
23,【初音ミク】 Alias 【オリジナル曲】,マヨルカ島_mania,yasuna_mania000,165.0,https://www.youtube.com/watch?v=vX9mfA2TzOc,リプ
24,東京フラッシュ / Vaundy ：MUSIC VIDEO,【公式】はろまに 🍥,hrhrmania,262.0,https://www.youtube.com/watch?v=SIuF37EWaLU,リプ
25,【音mad】エンジェred♪リーム,仮_,Tib_main_kari,161.0,https://www.youtube.com/watch?v=lkmpWJJCcfc,リプ
26,Smooth Criminal (2012 Remaster),レズ_mania,hosimi_miyabiz,258.0,https://www.youtube.com/watch?v=XzNWRmqibNE,リプ
27,P.A.R.T.Y. ～ユニバース・フェスティバル～,東武宇都マニア,tobuutsunomania,212,https://www.youtube.com/watch?v=Gbspmm82Nis,リプ
28,GENJITSU IS DEAD (REIMEI SESSION),バカマニ,Bakakin_mania,124.0,https://www.youtube.com/watch?v=taWYNSz2IF0,リプ
29,？？？,日曜日始まった！bot,startnichiyoubi,58.0,https://www.youtube.com/watch?v=NWSIQgpCdyE,リプ
30,【東方ヴォーカルPV】幻想のサテライト【豚乙女公式】,いざマニ,izayoi_mania,232.0,https://www.youtube.com/watch?v=FvJPua224gM,リプ
31,セブンティーン,あむあむ,amam2023181931,200.0,https://www.youtube.com/watch?v=xhgYtfanNLA,リプ
32,【中日歌詞】Fate/Grand Order -Cosmos in the Lostbelt OP/ Opening - 「逆光」坂本真綾,じーぴーびー【ジャンヌオルタ朝霧スオウ推し】,gpbcdeee21584,289.0,https://www.youtube.com/watch?v=ik9vfd0Ti00,リプ
33,ヒカキンさんにIRIS OUT歌わせてみた！,ASDP_mania@バベルのサブ垢,gomikasgpt8,76.0,https://www.youtube.com/watch?v=IFTjcB4Pl1A,リプ
34,君の銀の庭,暁美_mania,Ake_homuhomania,307.0,https://www.youtube.com/watch?v=kFhhLSbuXvI,リプ
35,A$AP Rocky - Houston Old Head (Audio),政界の壊し屋キンTV@凍結,ozawakinikisugi,259.0,https://www.youtube.com/watch?v=9afVR2qO730,リプ
36,Cuphead OST - Murine Corps [Music],アンサールБВМ,3ABOKC_BVM,250.0,https://www.youtube.com/watch?v=E8e19xlb7mM,リプ
37,Ceddin Deden (Uzun Vers.) Mehter Mar Remix - Ottoman Mehteran,3ABOKC_BVM,3ABOKC_BVM,265.0,https://www.youtube.com/watch?v=mNDhSunAxQQ,リプ
38,【涼宮ハルヒの憂鬱】冒険でしょでしょ？ (Lyric Video)｜TVアニメ20周年記念 参加型企画 開催！【#ハルヒ歌ってみた 対象楽曲】,初恋サーナイト,hatsukoi_devoir,258.0,https://www.youtube.com/watch?v=C7OR-zWyh64,リプ
39,核P-MODEL  PHASE-0  「ENG Lyrics」,匿名,DM,220.0,https://www.youtube.com/watch?v=rbWqgh_sZms,DM
40,【新曲】ウルトラマンをゲイ差別に使うなよ1F# • Viggle ai作詞・睡眠直哉ah • Viggle ai#Viggle #Viggleai#ウルトラマン#睡眠アート交流会#ゲイ,中学生_mania名言bot,zmISzFXimS65963,48.0,https://www.youtube.com/watch?v=q6nHdr8LixY,リプ
41,伊武雅刀　子供達を責めないで,ファボ無しRTの神_mania,no_faboRT,237.0,https://www.youtube.com/watch?v=-tacxTyNGyw,リプ
42,I’m Here,マリオくん_mania,marazzo411,248.0,https://www.youtube.com/watch?v=mUJS9ystZlc,リプ
43,"The Black Keys - No Rain, No Flowers (Official Audio)",イキアン,funkmer_,197.0,https://www.youtube.com/watch?v=gFAXa7lpZmA,リプ
44,@okayujr717宛の動画（会話内）,自宅警備_mania,Hikamanist,8.5,https://x.com/i/status/2084268508905644032,リプ
45,まんせーぐらし,もるふぃん（もるもる_mania）,GODKAMI810,88.0,https://www.youtube.com/watch?v=ZXKi3gL17UM,リプ
46,POP IT,ニャオハ,Nya0_Ha2,133.0,https://www.youtube.com/watch?v=oCdKBDFXszA,リプ
47,ヒカマニ音MAD Emma,ラヴィマニ,Lovemani_MEGEN,131,https://www.youtube.com/watch?v=TjZK935_4iw,リプ
48,Automotivo da Zona Sul 4,アップル_𝒎𝒂𝒏𝒊𝒂,1919tigyu,177.0,https://www.youtube.com/watch?v=sTIZ3zRyVcA,リプ
49,DU AH FUNK,ちょこれーと@ジャンクer,chocoreto0628,95.0,https://www.youtube.com/watch?v=yBSLC-vTp8c,リプ
50,【ソフィーのアトリエ】雲雀東風【BGM】,暁美_mania,Ake_homuhomania,150.0,https://www.youtube.com/watch?v=iKAMAdksX9c,リプ
51,【コメ付き】被曝らりん,ゴジラずき,jdtqrdpdpdqjpd,67.0,https://www.youtube.com/watch?v=DbUOc3C3qm8,リプ
52,THE ORAL CIGARETTES「カンタンナコト」MV,土偶_mania,go_to_daitokai,217.0,https://www.youtube.com/watch?v=X0g5BO6zyxA,リプ
53,ヴァンパイア,召使名言bot,Gekihot3,262.0,https://www.youtube.com/watch?v=T96oVm3IkoA,リプ
54,【合作】おとめっだ【メダカガニ誕生祭'23】,自宅警備_mania,Hikamanist,341.0,https://www.youtube.com/watch?v=aSKNrlrwbUQ,リプ
55,オードリー春日、“カスカス競輪ダンス”披露　公益財団法人JKA『KEIRIN』WEB限定ムービー,東京都民ෂි,pinsirkairos,107.0,https://www.youtube.com/watch?v=2mdfcptOh80,リプ
56,싸이(PSY) - 챔피언 [가사/Lyrics],東南_mania,KBOw4m9,189.0,https://www.youtube.com/watch?v=SR7aiPTvmm0,リプ
57,びわ湖くん×動あり 【お悩みメンズクラブ】Official Music Video,セイキンの髪の毛_mania,SEIKIhair_mania,210.0,https://www.youtube.com/watch?v=g8uk5NE9o8A,リプ
58,Justin Bieber - What Do You Mean?,SOU@スペイン_mania,SOUHIKAMERcrl,298.0,https://www.youtube.com/watch?v=DK_0jXPuIr0,リプ
59,@1n5TaqIKJM22025の動画ツイート,發バルサン,1n5TaqIKJM22025,54.3,https://x.com/i/status/2084640788865323009,リプ
60,Mann - Buzzin (Remix) ft. 50 Cent,匿名,sora201w,245.0,https://www.youtube.com/watch?v=yfYBiVAzo9s,DM
61,ループザルーム feat. 初音ミク / Looping the Rooms ft. Hatsune Miku,こかまに@verforte応援隊,itumademosinzan,134.0,https://www.youtube.com/watch?v=icBDYkfxpMs,リプ
62,『絶対！ニーデリッヒ宣言♡』新妻 八恵&カトリナ・グリーベル / Official Music Video【ユメステ】,八恵_mania,yae_mania0409,261.0,https://www.youtube.com/watch?v=0GI00nflN44,リプ
63,EVANGELION - 心よ原始に戻れ,zifta,zifta5995,275.0,https://www.youtube.com/watch?v=30JGPvVIUb4,リプ
64,「ムーンライト伝説」を歌ってみた。【美少女戦士セーラームーンOP】,コロンビーナぬい名言botⅡ,Corosan_kas_bot,183.0,https://www.youtube.com/watch?v=K3-voNjeA9k,リプ
65,【MAD/AMV】とある科学の超電磁砲 OP1『Only My Railgun』中日歌詞 | 4K,匿名,DM,254.0,https://www.youtube.com/watch?v=Ej7VO0Q7qy4,DM
66,koronba - untitled_0346,るぽめだ@ヒカマー,pomeruda_54000,141.0,https://www.youtube.com/watch?v=G8r3M-GxrdM,リプ
67,【イスラム原理主義者用BGM】Hebbit kerrih حبيت قريه ナシード nasheed,文セ_mania,Hikamers_unko2,251.0,https://www.youtube.com/watch?v=F5dh0TqDStY,リプ
68,crying march,匿名,xsexsexxxxsexxx,202.0,https://www.youtube.com/watch?v=lzbWDrtSeeg,DM
69,秘密のトワレ,匿名,xsexsexxxxsexxx,284.0,https://www.youtube.com/watch?v=CDxU-1J2US8,DM
70,【Official Music Video】RAISE A SUILEN「WHAT AN EXPLOSION」,✂︎ - - - チョキチョキ_mαniα - - -,hikakin_monica,191.0,https://www.youtube.com/watch?v=wTt97yu1QIE,リプ
71,『超』Hikakin_Mania合作,全然抜けねぇ_mania,Suzumi_mania,298.0,https://www.nicovideo.jp/watch/sm44918845,リプ
72,【ドラゴンボール超】新主題歌「限界突破×サバイバー」（歌：氷川きよし）,歩くキン,aruku_kin0861,90.0,https://www.youtube.com/watch?v=S7QsHpLU1Sw,リプ
73,"Major Lazer, J Balvin - Que Calor (feat. El Alfa) [Official Video]",匿名,purpring1045,175.0,https://www.youtube.com/watch?v=ZBBS4imv1qo,DM
74,マオォ何ー？／かいはつマニア 再うｐ,さり@モコマー,hikainsuki,78.0,https://www.nicovideo.jp/watch/sm42834808,リプ
75,サクマニ　/　さくれいマニア,さり@モコマー,hikainsuki,49.0,https://www.nicovideo.jp/watch/sm37905984,リプ
76,ROAD LESS TAKEN,タナトス_mania,TerrymeigenBOT,257.0,https://www.youtube.com/watch?v=PThXcY3sSQA,リプ
77,ヒカキン ガチおなら集,匿名,DM,51.0,https://www.youtube.com/watch?v=lJGqPIJrf4w,DM
78,マラオ/かいはつベア,NKTIDKSG(ニクタイデカスギ)_mania（3日間肉化）,110zyaku_mania,170.0,https://www.youtube.com/watch?v=0GZnLrfwKfs,リプ
79,Al Fadjri,匿名,alephm4ni4,288,https://www.youtube.com/watch?v=TWW6FoKAOlY,DM
80,Dreams of an Absolution (Theme of Silver) - Sonic the Hedgehog [OST],シルバーmania,2006_mania,315.0,https://www.youtube.com/watch?v=c4zwIGF0mFQ,リプ
81,しのぎとヤっちゃいそう！,匿名,DM,69.0,https://www.youtube.com/watch?v=fOT88qrMeko,DM
82,NONA REEVES MAGICAL,アルティ_mania,y6mgpFKh0T76363,321.0,https://www.youtube.com/watch?v=S3kkv7sY3rI,リプ
83,Jamiroquai - Virtual Insanity (Official Video),ガキ_mania(ガキマニ),gaki_mania,235.0,https://www.youtube.com/watch?v=4JkIs37a2JE,リプ
84,威风堂堂  | 威風堂々の歌 (中国語) | Soka Gakkai Songs | 创价学会歌｜#Shinykoh,からあげ,kr364364,118.0,https://www.youtube.com/watch?v=pMH7ugIOcvY,リプ
85,おまえまだゲームしてるよ,東京都民ෂි,pinsirkairos,176.0,https://www.youtube.com/watch?v=1K2DMZ7lcvc,リプ
86,ドパガキ卒業式,主(1月20日まで語尾♡),Maguro_Love4545,36.0,https://www.youtube.com/watch?v=FFldueTN2-o,リプ
87,SUMIYOI,【転生】アメリカ_mania(社路),Amer1ca_mania,238.0,https://www.youtube.com/watch?v=oXQCpzcp3hU,リプ
88,スキマスイッチ - 「奏（かなで）」Music Video : SUKIMASWITCH / KANADE Music Video,ソファ_mania,Sofadaroriax,345.0,https://www.youtube.com/watch?v=J5Z7tIq7bco,リプ
89,アキラ『ゴシック・チンポコダンス』gothic,千ョ］乚一儿⭐️,chocorail_3,165.0,https://www.youtube.com/watch?v=Lrvu_hj20PA,リプ
90,【Ado】会いたくて,りりまに,ririneroi454545,287.0,https://www.youtube.com/watch?v=jTVSU-Lr1ew,リプ
91,ゆるして猫!!  ‪‪♡ iyan D1KE × 429 ♡ (prod.k4nji),ニャオハ,Nya0_Ha2,110.0,https://www.youtube.com/watch?v=7iOOusxbyOs,リプ
92,yung kai - blue (official music video),SOUHIKAMERcrl,SOUHIKAMERcrl,221.0,https://www.youtube.com/watch?v=IpFX2vq8HKw,リプ
93,【公式】PENICILLIN「ロマンス」(MV)【8thシングル】ペニシリン/Romance,召使名言bot,Gekihot3,294.0,https://www.youtube.com/watch?v=18H2Uc9_7I0,リプ
94,Snow Castle,匿名,DM,112.0,https://www.youtube.com/watch?v=flVVZb3v5-U,DM
95,Adult family「挿入歌」Music Video,キノキノ_mania,asobanai_kino,203.0,https://www.youtube.com/watch?v=ZxDKEXc_bVc,リプ
96,SEIKIN / Keep Your Head Up,教育ママニア,ORE_noPENISmiro,260.0,https://www.youtube.com/watch?v=HxRDfrz6whk,リプ
97,？？？,匿名,ASowdesuka09,9,https://www.youtube.com/watch?v=0DGAuxO_YWE,DM
98,【淫ミュ】YAJU&U   【ﾔｼﾞｭｾﾝﾊﾟｲｲｷｽｷﾞﾝｲｸｲｸｱｯｱｯｱｯｱｰﾔﾘﾏｽﾈ/Cartoon】,にじまに_mania,nizimani_mania,195,https://www.youtube.com/watch?v=niKAylKNIEI,リプ
99,みんなでずっと幸せに、家族で一緒に、楽しいパーティを。,匿名,DM,192.0,https://www.youtube.com/watch?v=FV-1b2WrFMQ,DM
100,02.mp4（GIGA）,匿名,DM,255.1,https://127.gigafile.nu/0813-db6106c79a11a81086191507c259fcef3,DM
101,槇原敬之「Hungry Spider」Official Music Video,Hikakin_manila,hikakin_manila,298.0,https://www.youtube.com/watch?v=eRy6-WrncXg,リプ
102,2026年8月3日（shorts）,【公式】やじゅうキン,yaju_kln_,67.0,https://www.youtube.com/watch?v=qRi0vsssvBQ,リプ
103,IShowSpeed - World Cup (Champions) [Official Music Video],ブラジル代表_mania@ホリマニ応援隊,Brazil_mania,298.0,https://www.youtube.com/watch?v=vrY1THC_NQE,リプ
104,ラーメン刑事なっちゃいそう！,ドーパミン_mania,GaZ50v,70.0,https://www.youtube.com/watch?v=RFhMMM1SqPs,リプ
105,バッドシャーク / niki　鏡音リン,NM△⋈🍥,nM___0606___,150.0,https://www.youtube.com/watch?v=4FV-sT2_WB4,リプ
106,RUN THIS WORLD,りょすまに,akihirotvgames,200.0,https://www.youtube.com/watch?v=GiV2GkUZa0A,リプ
107,NEW WORLD,中折れ熱島,Hanchinko_hanko,239.0,https://www.youtube.com/watch?v=9KVANB-_zk8,リプ
108,TVアニメ「スーパーの裏でヤニ吸うふたり」TV放送版ノンクレジットOP映像 ｜ずっと真夜中でいいのに。「イチジク煙」,牙城オガかっさくテレビジョン,Htv_vfs,90.0,https://www.youtube.com/watch?v=0HGEaVFajSU,リプ
109,唐澤心経 - 作者不詳,Gobou2rd,Gobou1145141919,62.0,https://www.youtube.com/watch?v=uqMOPIyD968,リプ
110,パラオナボーイ/AI放送作家拓也,今日のことわざ名言bot,kyoukotomania12,47,https://www.nicovideo.jp/watch/sm40556279,リプ
111,隠蔽林檎,匿名,DM,95.0,https://www.nicovideo.jp/watch/sm46370325,DM
112,NICO Touches the Walls　『ホログラム』,合法ロリコン@ヒカマー,hikamerkorosu,267.0,https://www.youtube.com/watch?v=TbResk1x4kY,リプ
113,Marunouchi Sadistic,バード_mania,Ziyoutoisa4,236.0,https://www.youtube.com/watch?v=4tlUwgtgdZA,リプ
114,I am 北脇殺すマン - 原爆のおかわり【LyricVideo】,菊御紋を守護る会_mania,maniaemperor,251.0,https://www.youtube.com/watch?v=zuUncq4HZt8,リプ
115,カツドン - 感謝感激雨嵐 (Dancehall Cover）,ほくほくポテト_mania,potato_mania810,184.0,https://www.nicovideo.jp/watch/sm37452844,リプ
116,いわれなきヒカマニ,佐TENGA,4TpPv54yav31685,55.0,https://www.youtube.com/watch?v=LFInhUiyW84,リプ
117,koronba - 0369,るぽめだ@ヒカマー,pomeruda_54000,240.0,https://www.youtube.com/watch?v=KDA60an2cyQ,リプ
118,†渚の小悪魔ラヴリィ～レイディオ† / 夏色ビキニのPrim 【L.E.D. / Mayumi Morinaga】,ろはまに,Rohan_Mania_w,114.0,https://www.youtube.com/watch?v=LK5i9ZP8pYk,リプ
119,やじゅうせんぱい　作曲・唄：Orpheus,概成ヒカーギン@ひりあこ応援隊超幹部,Snnm_Neziona,63.0,https://www.nicovideo.jp/watch/sm20504010,リプ
120,うんちバリバリ | うんちばりばり | 再編集動画  | うんこの歌 | うんちの歌 | UBB,かまりょうた,aiibbbibsjb,74.0,https://www.youtube.com/watch?v=jKCOPOLPScE,リプ
121,米津玄師 - ピースサイン,歩くキン,aruku_kin0861,264.0,https://www.youtube.com/watch?v=9aJVr5tTTWk,リプ
122,Queen – Bohemian Rhapsody (Official Video Remastered),りつまに@Queen,Usuba_Ritsu,359.0,https://www.youtube.com/watch?v=fJ9rUzIMcZQ,リプ
123,【MV】ノアの伝言　ver.MGRoid,原發ベモ-Gempatsu Bemo-,Kaihatsuayamare,202.0,https://www.nicovideo.jp/watch/sm42133080,リプ
124,還暦の巨根オヤジ『死ぬぅ！』80's anison,千ョ］乚一儿⭐️,chocorail_3,201.0,https://www.youtube.com/watch?v=vYT8ZGd10do,リプ
125,TVアニメ「撲殺天使ドクロちゃん」第1期 OP映像 (ドクロちゃん（千葉紗子）／撲殺天使ドクロちゃん）【NBCユニバーサルAnime✕Music30周年記念OP/ED毎日投稿企画】,タクミン,Dokuro_mania,91.0,https://www.youtube.com/watch?v=V27VIAgQlI8,リプ
126,第一次世界 - NEE,鶴_mania,_maniakm_tsuru,225.0,https://www.youtube.com/watch?v=EJ8lBjQls4w,リプ
127,ドキュメント,なるま2,narumani_2x4,285.0,https://www.youtube.com/watch?v=4bChGuRBDYs,リプ
128,Static ft. Hatsune Miku,モノクマニア,MonokumakinTV,244,https://www.youtube.com/watch?v=KlTNKOnfXFk,リプ
129,【チュウニズム】神鳴 / Rígr feat. 光吉猛修,ラヴィマニ,Lovemani_MEGEN,175.0,https://www.youtube.com/watch?v=7F_FAoMcNU8,リプ
130,【マッシュル-MASHLE-】Bling-Bang-Bang-Born スカイピース テオくんVer【Creepy Nuts】,自宅警備_mania,Hikamanist,176.0,https://www.youtube.com/watch?v=P8ERtn2V510,リプ
131,【音MAD】マニアカート8DX　メサムラこうざん,荒らし_mania 2nd,_ARS_1919,60.0,https://www.youtube.com/watch?v=-GoI14bvjCk,リプ
132,Better Days (Natalia Gutierrez y Angelo),トウプロのオタジュン名言bot,Yuukovfc,240.0,https://www.youtube.com/watch?v=BVCE-mH3PdM,リプ
133,【合唱曲】旅立ちの日に / 歌詞付き / 歌唱練習 / 卒業ソング,匿名,UiUA9d82IN42480,277,https://www.youtube.com/watch?v=jucLp9wr5kM,DM
134,FrankJavCee - Ｓｉｍｐｓｏｎｗａｖｅ １９９５ (Original Music Video),vapor_mania,vap_mani5623,142.0,https://www.youtube.com/watch?v=EuVTt-M3IXo,リプ
135,【音MAD】マニアカートWii　GC エロイージデタジアム,ヒカマーズオールスター_mania,coquette1919,91,https://www.youtube.com/watch?v=shv8ydtgNxM,リプ
136,【転載】 悪戯の域知らず,【公式】中学生_mania,JHS_mania810,134.0,https://www.youtube.com/watch?v=cf0ZLjiWhS0,リプ
137,Yuriko Koike anthem,ثيوچان,TheoChan_AD392,174.0,https://www.youtube.com/watch?v=cro5qYApXFs,リプ
138,夜警 (Lyric Video) / キタニタツヤ - Nightwatch (Lyric Video) / Tatsuya Kitani,セイキンの髪の毛_mania,SEIKIhair_mania,189.0,https://www.youtube.com/watch?v=YOCljuR-cLQ,リプ
139,ぎぶみーAwesome!!!! (ver. 2023),匿名,DM,220.0,https://www.youtube.com/watch?v=1MvHU36blk8,DM
140,宇多田ヒカル『One Last Kiss』,太平天国_mania,taiheitengoku_,258.0,https://www.youtube.com/watch?v=0Uhh62MUEic,リプ
141,Veronica,八溝山,ontakesan_0920,189.0,https://www.youtube.com/watch?v=8EiqI6wkb90,リプ
142,【淫ミュ・コメ付き】ﾔｼﾞｭｾﾝﾊﾟｲｲｷｽｷﾞﾝｲｸｲｸｱｯｱｯｱｯｱｰﾔﾘﾏｽﾈ【Musical/Cartoon】full v3,藤本太郎,huzimoto_mania,227.0,https://www.youtube.com/watch?v=VSxb4rnuZ5k,リプ
143,2拍目と4拍目が消滅したSUSHI食べたい,バカマニ,Bakakin_mania,128.0,https://www.youtube.com/watch?v=YZW517z7u0E,リプ
144,"Earth, Wind & Fire - September (Official HD Video)",匿名,DM,215.0,https://www.youtube.com/watch?v=Gs069dndIYk,DM
145,【鏡音リン】炉心融解【オリジナル】,ロケット_mania(元火カマー),Flame_mania,336.0,https://www.nicovideo.jp/watch/sm8089993,リプ
146,は↑と↓（絶望）,【公式】チャリ鉄キン,nicotine_mania,21.0,https://www.nicovideo.jp/watch/sm25834979,リプ
147,Medal Ceremony Long | iMovie Song-Music,ゲップパウダー_mania,gepumani,39.0,https://www.youtube.com/watch?v=3iWXWQzbYiE,リプ
148,椎名林檎 - 長く短い祭,バード_mania,Ziyoutoisa4,277.0,https://www.youtube.com/watch?v=3LVAmMxICoA,リプ
149,Avida - Ho Vinto un Concorso per Boia (1982),匿名,OIHeN_2_,282.0,https://www.youtube.com/watch?v=xWXnACn0J-M,DM
150,[Cytus II/Groove Coaster] FUJIN Rumble - COSIO(ZUNTATA) (HQ),匿名,DM,125.0,https://www.youtube.com/watch?v=W3j2FaYhrUY,DM
151,【official】Baqeela | owl＊tree【maimai | CHUNITHM | オンゲキ | maimaiでらっくす】,Cocoa_mania_X,Cocoa_mania_X,250.0,https://www.youtube.com/watch?v=OH1P2xa8x9k,リプ
152,槇原敬之 - うるさくて愛おしいこの世界に [Music Video],こなた_mania💫,konata_mania,320.0,https://www.youtube.com/watch?v=PPAvwQVb7Mc,リプ
153,The Average Man Keeps Walking.,匿名,DM,365.0,https://www.youtube.com/watch?v=JPkqjziCGfo,DM
154,Bonnie Tyler - Holding Out For A Hero (Official HD Video),U235kin_mania,kntws31878,284,https://www.youtube.com/watch?v=bWcASV2sey0,リプ
155,ヒカキン & セイキン - 夢,女性キンTV,saburoku_mania,268.0,https://www.youtube.com/watch?v=qBQ5w7RwVnI,リプ
156,Party Wadokoni?,暁美きむら,x_inmuou,289.0,https://www.youtube.com/watch?v=njI4Yp5iVTA,リプ
157,2017年度天才てれびくんYOUエンディング 「たてっ！よこっ！ななめっ！みんなのちから！」,タローマン_mania,iinyoisogo,90.0,https://www.youtube.com/watch?v=8f8PguX_C5o,リプ
158,His World (Zebrahead Version) - Sonic the Hedgehog [OST],シルバーmania,2006_mania,210.0,https://www.youtube.com/watch?v=hOju2ThS--M,リプ
159,The Pharcyde - Runnin' (Official HD Music Video),やんぐぽぺと,youngpopeto,264.0,https://www.youtube.com/watch?v=jQ-RrGCSa2M,リプ
160,銀の龍の背に乗って,ガおマニ（ガチおなら_mania）,gationara,379.0,https://www.youtube.com/watch?v=AoToyjajWq0,リプ
161,Illusion,なるま2,narumani_2x4,279.0,https://www.youtube.com/watch?v=6TpTXFjwnh8,リプ
162,小6がとんかつレイディオ歌ってみた,デス牡蠣@ヒカマー,__________mania,50.0,https://www.youtube.com/watch?v=24NxNEEhD_A,リプ
163,ジャスコのテーマソング　新しい予感 ～ Only at JUSCO ～,匿名,Elen_Joe_mania,265.0,https://www.youtube.com/watch?v=HZW5L1lm_0U,DM
164,Rory in early 20s - Tsu No Guemi,XiΣΕΣ,uisukon,150.0,https://www.youtube.com/watch?v=R1NCAUZ9kHQ,リプ
165,Nitro Fun - Cheat Codes VIP [Monstercat FREE Release],匿名,DM,204.0,https://www.youtube.com/watch?v=VefpeL4tqh0,DM
166,The Larping Tombstone - Looping the Rooms (Remix),匿名,DM,150.0,https://www.youtube.com/watch?v=S6_pO9xj4iM,DM
167,【MV】仮面武闘会/カルxピン（2ndシングル）,アップル_𝒎𝒂𝒏𝒊𝒂,1919tigyu,230.0,https://www.youtube.com/watch?v=L4J5pxu48v8,リプ
168,【コメ付き】マスオファンタジア【東方魔酢汚】,琉鈴院 イナバ,Reisen_Udon810,180.0,https://www.youtube.com/watch?v=rH2DujjREs0,リプ
169,ユーモア / King Gnu,風呂マニ,bath_mania99,206.0,https://www.youtube.com/watch?v=CPqroobt0SA,リプ
170,君のココロをハッキング / りむる,匿名,DM,151.0,https://www.youtube.com/watch?v=-pIGv9GlhEU,DM
171,非実在系女子達はどうすりゃいいですか？,匿名,ayn_ayo_ytr,204.0,https://www.youtube.com/watch?v=ZmOERZtihCQ,DM
172,東方神起「Share The World -RED OCEAN Ver.-」TVアニメ「ONE PIECE」（2009年）ノンテロップオープニング映像,RamenCop OGW,RamenCopOGW,154.0,https://www.youtube.com/watch?v=IznYQHSWJ7w,リプ
173,CHIVILA RD -MANAPIN VIDEO OFICIAL チビラ マナピン,さくらぎ,sakulagisub,139.0,https://www.youtube.com/watch?v=dOlTiIdXwt8,リプ
174,テレビ大陸音頭 - 直撃世代（Official Music Video）,バットホール_mania,4CKysfnDZi1754,166.0,https://www.youtube.com/watch?v=ULKQ0xABby0,リプ
175,マルナカテーマソング『ナカマカナ』,匿名,DM,149.0,https://www.youtube.com/watch?v=m7dkXcghRZo,DM
176,さよならはエローション！？,パスマニ,past_mania421,222.0,https://www.nicovideo.jp/watch/sm35402099,リプ
177,流星-倉橋ヨエコ (Ryusei),カギマニ@荒ハト応援隊,daimanifan,218.0,https://www.youtube.com/watch?v=fxVoBMBxdVk,リプ
178,NEVERLAND,ヒカマニ文化振興局,MakeHikamaniGre,244.0,https://www.youtube.com/watch?v=W2E2jRtMw-E,リプ
179,貴之、お前にはロボトミー手術を受けてもらう,ネオるりま,sineyama_,185.0,https://www.youtube.com/watch?v=uHLaFRxClds,リプ
180,アイリスアウト,匿名,DM,180.0,https://www.youtube.com/watch?v=xi1Wk4kt1mA,DM
181,女性の塩ラーメン,菊御紋を守護る会_mania,maniaemperor,394.0,https://www.youtube.com/watch?v=4W2IxYI-fCU,リプ
182,【Sonic_mania】ヒカマニ×シティエスケープ,てせの,tesenoo,91.0,https://www.youtube.com/watch?v=K-wLVh-czMc,リプ
183,Be The One,ハルウララ名言bot,HaruUraraDAMARE,214.0,https://www.youtube.com/watch?v=wH00658gyKo,リプ
184,秋山黄色『Caffeine』,課金マ,kkn_mania,249.0,https://www.youtube.com/watch?v=8-kryug_X2Y,リプ
185,伊勢大貴 / 烈車戦隊トッキュウジャー [OFFICIAL PROMOTION VIDEO],トリッピー_mania,nanashino_mania,236.0,https://www.youtube.com/watch?v=Y84miwEcAc8,リプ
186,M@STERPIECE,チンコ,HB8V8gLUW88383,347.0,https://www.youtube.com/watch?v=VNnciosQYVA,リプ
187,ミレニアム,匿名,DM,183.0,https://www.youtube.com/watch?v=FRRleP0R7ZA,DM
188,Burning Heart (From Rocky IV Soundtrack),まるくん_mania（marukun_mania）,marukun19911226,231.0,https://www.youtube.com/watch?v=Nm7AA78Vq8o,リプ
189,この胸で泣けばいい (Live),zexeller,zexexexexeller,343.0,https://www.youtube.com/watch?v=i288QgcClyo,リプ
190,Saleel al-Sawarim نشيد صليل الصوارم نشيد الأُباة,卑猥な三日月地帯,Hiwai_8,188.0,https://www.nicovideo.jp/watch/sm40019160,DM
191,透明になれない / 初音ミク,目黒,TsukemersAtochi,257.0,https://www.youtube.com/watch?v=MVaYZKlyMWQ,リプ
192,金色のガッシュベル!!  OP  カサブタ AI 4K 中日字幕 (MAD·AMV) (回憶系列#112),信号機くん@ヒカマー,SIngouki_kun,196.0,https://www.youtube.com/watch?v=TEZ607s_1b4,リプ
193,『旅立ちの日に』１人で合唱してみた☆,甲殻_mania,kanikin_mania45,285.0,https://www.youtube.com/watch?v=pzJxO3eHl94,リプ
194,＊～アスタリスク～,匿名,DM,256.0,https://www.youtube.com/watch?v=ZGIupJzaE2w,DM
195,せいきそがヒカキソにボイパ対決を申し込んだ理由に一同驚愕......その理由とは？（知りません）,浅漬けキン,asazukekinv2,128.0,https://www.youtube.com/watch?v=gxkSDi7a4pw,リプ
196,【PV】【歌詞付き】H Jungle with t - WOW WAR TONIGHT ～時には起こせよムーヴメント〜【HD】【FLV】,相討里菜,sasuraisyogunda,353.0,https://www.youtube.com/watch?v=jKKr98nmves,リプ
197,Don Miguelo - Y Que Fue?,グーの顔_mania,Guunokao_mania,164.0,https://www.youtube.com/watch?v=16nZ6K7sim4,リプ
198,MISIA - 君の願いが世界を輝かす,ひざ_mania,zamanihi_,245.0,https://www.youtube.com/watch?v=VkBRvMPsXTg,リプ
199,Adult family 「エッチなふたり」Music Video,キノキノ_mania,asobanai_kino,146.0,https://www.youtube.com/watch?v=-qjcmb2Hd4w,リプ
200,Do It Right  Jingle Punks (No Copyright Music),魚介_mania,iliokf,224.0,https://www.youtube.com/watch?v=iE02L-sMnnI,リプ
201,Coldplay - A Sky Full Of Stars (Official Video),匿名,purpring1045,254.0,https://www.youtube.com/watch?v=VPRjCeoBqrI,DM
202,"Syrian Pro-Assad Patriotic Song: God, Syria, Bashar!",太平天国_mania,taiheitengoku_,247.0,https://www.youtube.com/watch?v=IPoBeMV72MY,リプ
203,Velvetine - The Great Divide (Seven Lions Remix),イケメン_mania,K41H475U,302.0,https://www.youtube.com/watch?v=NMmuxolcE6E,リプ
204,VOLTISH 808,ちょこれーと@ジャンクer,chocoreto0628,115.0,https://www.youtube.com/watch?v=rwF_rgZgspU,リプ
205,No Motherland Without You [Subtitles],匿名,DM,201.0,https://www.youtube.com/watch?v=og43-7QUphw,DM
206,香水  /  瑛人 (Official Music Video),高崎健太郎_mania,Ratou_sasuke,260.0,https://www.youtube.com/watch?v=9MjAJSoaoSo,リプ
207,野獣先輩の生理事情 Part1,しもとく,seishitobasuna,107.0,https://www.youtube.com/watch?v=eD01VarncsM,リプ
208,かすかなはな / キタニタツヤ feat. BABYMETAL - Kasuka na Hana (A Faint Flower),らおっさん,Shinebaiindesho,195.0,https://www.youtube.com/watch?v=t1gkIY4XvJ0,リプ
209,くるっと・まわって・あーんちゃんちーん！,山本太郎_Mania,yamamoto_mania1,98.0,https://www.youtube.com/watch?v=pxlUB37qGIU,リプ
210,Mashiro Ayano - ideal white,匿名,DM,260.0,https://www.youtube.com/watch?v=-P_B2AC5WJM,DM
211,坂本 真綾 - 色彩,冷showspeed,kgnsoey5wdo2twt,274.0,https://www.youtube.com/watch?v=QEDfIUdBods,リプ
212,【v2】onakin vs sex H ボーカルパーカッション!? Bad Apple!!,浅漬けキン,asazukekinv2,132.0,https://www.youtube.com/watch?v=Y4OpXICH3kE,リプ
213,麻原彰晃  真理教、魔を祓う尊師の歌旧バージョン,りぺ,Kirara_mania,301.0,https://www.youtube.com/watch?v=w7i-s2L_YKo,リプ
214,【ゆっくり解説】ヒカマニ界隈＆ヒカマーキッズが嫌われる理由 TOP 10 #ヒカマニ #ヒカマー #ゆっくり茶番劇【hikakin_mania】,匿名,DM,90.0,https://www.youtube.com/watch?v=Q7gEBkmb5O4,DM
215,【ゆゆうたMAD】†地震は伝説　コンクリレイディオ †,匿名,gf4_ix,111.0,https://www.youtube.com/watch?v=7qOnZhfyzGM,DM
216,ヒカマニア,匿名,mania_saimani,117,https://www.youtube.com/watch?v=o_Qi2jaJZsg,DM
217,原發とか気になっちゃいそう！,原子力発電_mania,thebyan_mania,70.0,https://www.youtube.com/watch?v=1rywfExN0a0,リプ
218,麻原彰晃マーチ（選挙）,卑猥な三日月地帯,Hiwai_8,291.0,https://www.youtube.com/watch?v=s4T2CJVwMFE,DM
219,Official髭男dism - ペンディング・マシーン［Official Video］,ビビンバ_mania,Onigata_mania,248.0,https://www.youtube.com/watch?v=4BVd6TK8_EQ,リプ
220,The King of Fighters '97 Arranged Soundtrack (AST) 04- Psycho Soldier Remix '97 (Athena Theme),匿名,DM,281.0,https://www.youtube.com/watch?v=DSQjbJhG40k,DM
221,"中國航母下水 [ 非洲王子熱唱-沒有共黨就沒有新中國 ] flv,",习近平/XíJìnpíng🇨🇳,XJP_Mania,175.0,https://www.youtube.com/watch?v=caghsVNBnQs,リプ
222,KYOSUKE HIMURO -KISS ME-,さえまに,saensmania50086,215.0,https://www.youtube.com/watch?v=OMyAZh_BT4s,リプ
223,Remix 8 (Ingame) - Rhythm Heaven,匿名,sora201w,101.0,https://www.youtube.com/watch?v=A4kiMxDxodM,DM
224,The Black Keys - Lo/Hi [Official Audio],イキアン,funkmer_,183.0,https://www.youtube.com/watch?v=JILfwu5AWIQ,リプ
225,シニカルナイトプラン☆ / めぐる,原發ベモ-Gempatsu Bemo-,Kaihatsuayamare,202.0,https://www.nicovideo.jp/watch/sm38630366,リプ
226,くるり - In Your Life,匿名,DM,241.0,https://www.youtube.com/watch?v=Ydysm0dJI0A,DM
227,【音MAD】海 月 卵,✨ﾜﾀｸｼ✨,WatakusiHikamer,211.0,https://www.youtube.com/watch?v=p62b76pmbC0,DM
228,【コメント付き】Yahoo!ニュースのコメント欄テーマソング/ヘイトキン&鎖国キン【Hikakin_mania】,ヒカマに,Jicama_mania,300.0,https://www.youtube.com/watch?v=Puvc6k4t1Tc,リプ
229,ナユタン星人 - エイリアンエイリアン (ft.初音ミク) OFFICIAL MUSIC VIDEO,ん。まに,NNN_45_45,182.0,https://www.youtube.com/watch?v=2t1NMRse6aI,リプ
230,Endless Possibility - Sonic Unleashed [OST],てせの,tesenoo,248.0,https://www.youtube.com/watch?v=tJjxKhjR9H4,リプ
231,星野源 – SUN (Official Video),まーぼー,Mabo__odaM,282.0,https://www.youtube.com/watch?v=7gcCRAl58u4,リプ
232,【音MAD】銀嵐,匿名,DM,87.0,https://www.youtube.com/watch?v=BahP_BHXOzE,DM
233,もしも今日が人生最後の日ならば　悔いの無い人生過ごしたと言えますか？ｗ,✨ﾜﾀｸｼ✨,WatakusiHikamer,142.0,https://www.nicovideo.jp/watch/sm42362806,DM
234,幽霊東京 / Ayase (self cover),匿名,DM,209.0,https://www.youtube.com/watch?v=DtBoAqkIJzI,DM
235,ハリボテ裁判 / 初音ミク＆重音テト,いあく,kaiwww001,131.0,https://www.youtube.com/watch?v=nj2WqZ5tGwE,リプ
236,iphoneバリバリ三人衆,モノクマニア,MonokumakinTV,75,https://www.youtube.com/watch?v=tP-AZVWZ0iI,リプ
237,Koi to Byounetsu,深紺🔩🔢,hikamer_nos,263.0,https://www.youtube.com/watch?v=uAPkivh6Jlo,リプ
238,【ジョジョMAD】ドラララえもんのうた（コメ付き）【HDあり】,－100万点_mania⚠️シャドウバン中なので低浮上,yftr3jg,78.0,https://www.youtube.com/watch?v=WE818jHKUc0,リプ
239,Ginga No Hate Ni Tsuresatte!,土偶_mania,go_to_daitokai,181.0,https://www.youtube.com/watch?v=BPyQTIprQp4,リプ
240,OMORI OST - 116 Underwater Prom Queens,ペングーの問題@数学好き,np_jns,127.0,https://www.youtube.com/watch?v=7xl5kRE19y4,リプ
241,Irhabyun anna nasheed,匿名,DM,326.0,https://www.youtube.com/watch?v=XTByXzlVhOo,DM
242,"命ばっかり / Flower･結月ゆかり : It's Just Life / nulut,avogado6",匿名,DM,252.0,https://www.youtube.com/watch?v=YDnZFwlZa1g,DM
243,名前を呼ぶよ～中島 敦ver.～,中折れ熱島,Hanchinko_hanko,90.0,https://www.youtube.com/watch?v=uvxWnoS8FwI,リプ
244,オーイシマサヨシ - あとの祭り [Official Video],鶴_mania,_maniakm_tsuru,173.0,https://www.youtube.com/watch?v=1U_UbDfaV44,リプ
245,伏魔御廚子,ふたさんTV,Hutasun002,318.0,https://www.youtube.com/watch?v=F8BMxX4E440,リプ
246,SC-1903,匿名,TETRIS_Love47,288.0,https://www.youtube.com/watch?v=D1RXghv7ZO4,DM
247,missing home,vapor_mania,vap_mani5623,125.0,https://www.youtube.com/watch?v=TOOZ5T0TRDI,リプ
248,パカッと参上！カラーマン.sang,一般サマナ民,maha_ya_na,174.0,https://www.youtube.com/watch?v=Udck878sGxg,リプ
249,mao zedong propaganda music Red Sun in the Sky,にゃんこ_mania,naniwo_mani,374.0,https://www.youtube.com/watch?v=OjNpRbNdR7E,リプ
250,[Melodic Dubstep] Katots - 天使になりたい,かとつ_mania,Katotzmaniac,297.0,https://www.youtube.com/watch?v=0d6I_cfBt7Y,リプ
251,TOTO Africa アフリカ　/　歌詞,どちぇんちょん！,jebe25fst,298.0,https://www.youtube.com/watch?v=NMYOlc4Fvx0,リプ
252,□けものなっちゃいそう,オルマー,Armadillo_Mania,63.0,https://www.nicovideo.jp/watch/sm46233566,リプ
253,Montagem Mysterious Game,アップル_𝒎𝒂𝒏𝒊𝒂,1919tigyu,103.0,https://www.youtube.com/watch?v=kCseeCxRSlg,リプ
254,lil鉄火巻 - MANPO 中イキ (チーム友達Remix),あさると,6XFjSjOREKXdbJG,149.0,https://www.youtube.com/watch?v=eEsTC1uSaG0,リプ
255,光 / ヒカキン & セイキン,RamenCop OGW,RamenCopOGW,267.0,https://www.youtube.com/watch?v=0sUcjz7H7oQ,リプ
256,CALL YOUR NAME!!,春川宙_mania,Antithese_00,257.0,https://www.youtube.com/watch?v=UmMwVwmTuIk,リプ
257,きらら系アニメの楽曲を継ぎはぎして「やったぜ。」朗読.full,りぺ,Kirara_mania,333.0,https://www.nicovideo.jp/watch/sm37329061,リプ
258,ファティマ,マキマニ,JJ_U_A8,246.0,https://www.youtube.com/watch?v=hgFPAJNuVhM,リプ
259,シャネルズ  / ランナウェイ,Rマー@もちしこは人類普遍のコンテンツ,hikamers_holy,189.0,https://www.youtube.com/watch?v=noBcbcg9rQk,リプ
260,【ヒカマニ】【ボカロ】ヒカマニ最高！,ヒロヒト_mania【現人神】,Hirohito_mania6,18.0,https://www.youtube.com/watch?v=jE5LjNL_ij0,リプ
261,編集ミス←これ気にしないでください←これ気にしないでください←これ気にしないでください←これ気にしないでください←これ気にしないでください←これ気にしないでください←これ気にしないでください←これ気に,匿名,DM,87.0,https://www.youtube.com/watch?v=pjrea8AC5r8,DM
262,【音MAD】マニアカートWii　マニアキャニオン,3d_mania,3dmania2011,75.0,https://www.youtube.com/watch?v=K63C8VNtYek,リプ
263,Smiling Flower’s Season!,春川宙_mania,Antithese_00,180.0,https://www.youtube.com/watch?v=R3H12YJ3YR8,リプ
264,Michael Jackson - Smooth Criminal (Official Video - Shortened Version),課金マ,kkn_mania,251.0,https://www.youtube.com/watch?v=sFvENQBc-F8,リプ
265,"米津精師 - おーならまたちつか！　Seishi Yonezu - Onara, Mata Tituka ！",チンコ,HB8V8gLUW88383,57.0,https://www.youtube.com/watch?v=nRSGTyEeEPk,リプ
266,PEOPLE 1 “GOLD” （Official Video）,豆乳@トリッカル,vrcl5,229.0,https://www.youtube.com/watch?v=Cnx03FzveUg,リプ
267,Jamiroquai - Canned Heat (Official Video),L7,M_O_M_E_N_T_U_M,234.0,https://www.youtube.com/watch?v=vE4VlA_9OrI,リプ
268,ONE OK ROCK - Deeper Deeper [Official Music Video],バース_mania,G5_N81,242.0,https://www.youtube.com/watch?v=tcBBNB5JTOQ,リプ
269,The Weeknd - São Paulo (Official Audio),ホリマに,Grokbot290614,302.0,https://www.youtube.com/watch?v=AQ5NlI-SJR0,リプ
270,【再現MAD】ヒ。ー ヒカキンの動画について ー【OP1】,匿名,ayn_ayo_ytr,90.0,https://www.youtube.com/watch?v=-sze3rRq1_k,DM
271,data.adaplex,XiΣΕΣ,uisukon,300.0,https://www.youtube.com/watch?v=k_hUh0DBqW4,リプ
272,ノーナ・リーヴス - DJ! DJ! ～とどかぬ想い～ feat. YOU THE ROCK★【Music Video】,さむう,FYkmym,284.0,https://www.youtube.com/watch?v=GmeJCsYk1JQ,リプ
273,Diamond Yukai - You've Got a Friend in Me (From Toy Story),ひざ_mania,zamanihi_,128.0,https://www.youtube.com/watch?v=7Py_wd9Gi_Q,リプ
274,アーナゥマーチ,マニアヤマ,Yamama_mania,100.0,https://www.youtube.com/watch?v=Ue8iGk_ML7w,リプ
275,さまよえるバルドー,一般サマナ民,maha_ya_na,329.0,https://www.youtube.com/watch?v=8UvSfV0AWAg,リプ
276,ポルノグラフィティ『Mugen』MUSIC VIDEO,メラルバ_mania,Merlarva_mania,268.0,https://www.youtube.com/watch?v=vMEeSuCGYDk,リプ
277,中島健人「鬼事」Music Video【TVアニメ「逃げ上手の若君」第二期OPテーマ】,らおっさん,Shinebaiindesho,194.0,https://www.youtube.com/watch?v=wp_4AThBtCA,リプ
278,[MV] TAK - ニャニャニャチュニャ (NNNCN) feat. Kotoha,フォローするな_mania,DoNotFollowMani,157,https://www.youtube.com/watch?v=BgPBgTEvi08,リプ
279,（2264）新曲「アナル移動」【アポーTV・芸人アポー】,ثيوچان,TheoChan_AD392,45.0,https://www.youtube.com/watch?v=tMODf8JSAbU,リプ
280,ぺこらと純デレラ【うんこちゃんMAD】,ハメツ_mania,HAMETU_mania,111.0,https://www.youtube.com/watch?v=8GtWeR8NBqg,リプ
281,オナズマイレブン(Hikakin_mania),匿名,DM,94.0,https://www.youtube.com/watch?v=3PnQA27sl3Y,DM
282,Mr.Children「名もなき詩」Mr.Children HOME TOUR 2007 ～in the field～,cobalt blue kin,sakon_mania,343.0,https://www.youtube.com/watch?v=gj5Nu6feFTQ,リプ
283,SABATON - Yamato (Official Music Video),Z3_Maniaのサブ,hikamarnokyouji,235,https://www.youtube.com/watch?v=Dfh1aSdxr9U,リプ
284,櫻坂46『Lonesome rabbit』 MUSIC VIDEO,あおまに（リアル）,lalikinmania,250.0,https://www.youtube.com/watch?v=4HfAH746QJo,リプ
285,rirugiliyangugili -  IKEN  (Official Video),【公式】ニコチンTV,HikamerdesuTv,120.0,https://www.youtube.com/watch?v=mEGoAgncYQY,リプ
286,Shakira - Waka Waka (This Time for Africa) (The Official 2010 FIFA World Cup™ Song),胸板_mania(むなマニ),munaita_mania,211.0,https://www.youtube.com/watch?v=pRpeEdMmmQ0,リプ
287,Thriller,匿名,heiwamania,357,https://www.youtube.com/watch?v=sO4vI8P88NM,DM
288,Homo party?.avi,新垢まつなきや,matsunakiya2,103.0,https://www.nicovideo.jp/watch/sm18341863,リプ
289,[AI] DJアキラ 二曲目 単体,いつの_mania,itsunomani777,253.0,https://www.nicovideo.jp/watch/sm46481414,リプ
290,I'm 蒼 Happy,イケメン_mania,K41H475U,98.0,https://www.youtube.com/watch?v=SVZ6rFXbe2M,リプ
291,ヘイトキンヘイトキン【コメ無し】,主(1月20日まで語尾♡),Maguro_Love4545,98.0,https://www.youtube.com/watch?v=fiRzDKXwOYg,リプ
292,【Ado】エルフ,りりまに,ririneroi454545,262.0,https://www.youtube.com/watch?v=SbxR25brgoE,リプ
293,懺悔の詩 - パカソン,Gobou2rd,Gobou1145141919,72.0,https://www.youtube.com/watch?v=Ai5TPG3StFg,リプ
294,NONA REEVES - 透明ガール [MV],たまねぎ_mania,the_nuke114514,272.0,https://www.youtube.com/watch?v=eK2TA-UvvTI,リプ
295,Sheep 〜Song of teenage love soldier〜,レバ刺し_mania,rawliver_mania,253.0,https://www.youtube.com/watch?v=NwLwH4DE66Y,リプ
296,淫夢と混ざってすぐ荒れる～狂気のHikakin_Mania,無_ mania,_mania1919,137.0,https://www.youtube.com/watch?v=o1ER0BKjsHU,リプ
297,ご注文はまにあですか？？,栗のかたち研究会,Zvy2sGDJ7ABdoW4,91.0,https://www.nicovideo.jp/watch/sm39273844,リプ
298,OSTER project - PianoxFortexScandal ピアノ×フォルテ×スキャンダル feat. MEIKO (HQ Audio),ホリマに,Grokbot290614,233.0,https://www.youtube.com/watch?v=HXQY1VQWTX8,リプ
299,A7U,白かゆ,okayujr717,103.0,https://www.nicovideo.jp/watch/sm35589536,リプ
300,特殊交易部はやめられない,くらねす🪼,Sea_Tsuki_9rage,191.0,https://www.youtube.com/watch?v=7FwC_TXmKpM,リプ
301,ヒカマニティスコ【hikakin_mania×白金ディスコ】,cobalt blue kin,sakon_mania,89.0,https://www.youtube.com/watch?v=monVJSQLoN8,リプ
302,Red Sun In The Sky - Mao Zedong - 天上太 1972,匿名,DM,105.0,https://www.youtube.com/watch?v=YnNwo5Gbybc,DM
303,まにあフレンズ　～ようこそヒカキンマニアへ～,オルマー,Armadillo_Mania,90.0,https://www.nicovideo.jp/watch/sm38300779,リプ
304,禁断の惑星 feat. 志人,Nontan,Nontanexe,289.0,https://on.soundcloud.com/KY2kB2yuuyVKtEW1BD,リプ
305,†千倉は館山　とんかつレイディオ†,深紺🔩🔢,hikamer_nos,111.0,https://www.youtube.com/watch?v=Rn_ASTntPqU,リプ
306,【音MAD】JRE-IKST-016 (hikakin_mania),Oyster_mania🦪,Oyster_mania,10.0,https://www.youtube.com/watch?v=2QLwnP7lf4M,リプ
307,架っさんまたやらかしてて今これ（hikamerkorosu動画）,デス牡蠣@ヒカマー,__________mania,16.6,https://x.com/i/status/2042679812339421184,リプ
308,ひのまるもこのくにもないんだ,からあげ,kr364364,180.0,https://www.youtube.com/watch?v=uywAaCIbNXg,リプ
309,参政党 神谷宗幣を学習したAIが作曲したら神曲すぎたwwwwwww 非公式MV,忠誠子星,wEfRr9A0K694818,128.0,https://www.youtube.com/watch?v=TmIeX25Eu0Y,リプ
310,Into The Abyss （映画『仮面ライダーゼッツ...,🥝こっちゃん_m@nia🥝,kocchann114514,219.0,https://www.youtube.com/watch?v=_yOICBOWlsM,リプ
311,おっぱいは世界を救うのだ☆彡,大人向けmania,adultmanikun,282.0,https://www.youtube.com/watch?v=pVbyYRbzDes,リプ
312,烈車戦隊トッキュウジャー (cover),琉鈴院 イナバ,Reisen_Udon810,285.0,https://www.youtube.com/watch?v=ZRJhlIEivRU,リプ
313,2003 Hikakin far east,ねんどキラーひじき卵,hikamani0,78.0,https://www.youtube.com/watch?v=yj48o9wNZU0,リプ
314,海賊戦隊ゴーカイジャー,まら父,Maratiti08,231.0,https://www.youtube.com/watch?v=hWU4DpWJmNo,リプ
315,ロクデナシ「スピカ」,匿名,DM,165.0,https://www.youtube.com/watch?v=Ol1o3dgPIbI,DM
316,Zoku Owarimonogatari OP 07734 Full Reverse,ゆきお_mania,yukio_mania,221.0,https://www.youtube.com/watch?v=viwTSkbssVM,リプ
317,Reach Out To The Truth -First Battle-,タナトス_mania,TerrymeigenBOT,177.0,https://www.youtube.com/watch?v=11nM7lkCkhk,リプ
318,【 みんなのリズム天国 】　キャナァーリ倶楽部 / やがて女はきれいになるだろう,ペルソナマニア,persona_mani,254.0,https://www.youtube.com/watch?v=F87qVNX-n5g,リプ
319,Aqua Timez『千の夜をこえて』Music Video（映画「劇場版BLEACH MEMORIES OF NOBODY」主題歌）,いつの_mania,itsunomani777,304.0,https://www.youtube.com/watch?v=sapgmOmPmFU,リプ
320,中川翔子『空色デイズ』music video,【公式】中学生_mania,JHS_mania810,259.0,https://www.youtube.com/watch?v=9US7wh4oOjE,リプ
321,幽霊渋谷(hikakin_mania),白猫鍋,siras2sei,132.0,https://www.youtube.com/watch?v=LBnZH5c467Q,リプ
322,ノウﾅｲディスコ,荒らし_mania 2nd,_ARS_1919,88.0,https://www.youtube.com/watch?v=6tGwaHwNK7I,リプ
323,【音MAD】マニアカート8DX　3DS レインボーローション,炭酸キン_mania(炭マニ),tansan_mania,111.0,https://www.youtube.com/watch?v=beVOKbbi2Zc,リプ
324,【コメ付き】デデドン！（甲子園）,匿名,bei_ge70,61.0,https://www.youtube.com/watch?v=YdBo9NuDQOQ,DM
325,薬をのまずに本番を迎えてしまったSAENSキン,魚介_mania,iliokf,182.0,https://www.youtube.com/watch?v=xJQVFg_543I,リプ
326,藍井エイル「アイリス」 Music Video,目玉焼きマニア,x5diaf,248.0,https://www.youtube.com/watch?v=Pn4zz6ZdEU0,リプ
327,【音MAD】マニアカートWii　GBAイクッパキャッスル33,炭酸キン_mania(炭マニ),tansan_mania,78.0,https://www.youtube.com/watch?v=Vjy0qgq54bI,リプ
328,ゴールデンボンバー「女々しくて」MV,ロケット_mania(元火カマー),Flame_mania,275.0,https://www.youtube.com/watch?v=BC9P3DSZu0A,リプ
329,Panic! At The Disco - High Hopes (Official Video),ブラジル代表_mania@ホリマニ応援隊,Brazil_mania,197.0,https://www.youtube.com/watch?v=IPXIgEAGe4U,リプ
330,Rick Astley - Never Knew Love (Official Video) [4K Remaster],ふにゃふにゃ帽子掛け,bousikake_mania,216.0,https://www.youtube.com/watch?v=ZVshSddRqAc,リプ
331,Vladimir Baragun - Siy Paq! (My Pug-Nosed One!),マンネルリズム,Nanachisabu,208.0,https://www.youtube.com/watch?v=5WQ4cZq8NL0,リプ
332,Won (*3*) Chu Kiss Me! / 喜多郁代(桜Trick OP カバー曲),匿名,DM,283.0,https://www.youtube.com/watch?v=mJ6WKiJAMf0,DM
333,海岸電車,ひでしね2010真実を追求,TEL0120114514,278.0,https://www.youtube.com/watch?v=aMf8bb5_FnI,リプ
334,MONTAGEM GENPATSU,陰謀論_mania,MJzWM89LQA98608,124.0,https://www.youtube.com/watch?v=SQejsYdx7pg,リプ
335,ARASHI - サクラ咲ケ [Official Music Video],翔,shiroko_riding,265.0,https://www.youtube.com/watch?v=_WPTWbNkWrs,リプ
336,【ヒカキンリミックス】Hikakin from the far east (Electro EGG remix),十字架_mania,maebahesioru2,33.0,https://www.youtube.com/watch?v=NXQeTSVAs3s,リプ
337,白いボールのファンタジー,さくらぎ,sakulagisub,196.0,https://www.youtube.com/watch?v=HnN0kMYld4E,リプ
338,Fever,ア.ン.チ.ク.ラ.イ.ス.ト.マ.コ.ト.,g_a_right,237.0,https://www.youtube.com/watch?v=lIQjj944jw0,リプ
339,【Ado】Love me forever!（Official Audio）,中学生_mania名言bot,zmISzFXimS65963,249.0,https://www.youtube.com/watch?v=WSuAVkaSC38,リプ
340,ヒカマニしんちゃん,ドーパミン_mania,GaZ50v,70.0,https://www.nicovideo.jp/watch/sm43486141,リプ
341,"【K-SUB】 さくら、Reincarnation | さくら、もゆ。-as the Night's, Reincarnation- 1st OP | 佐咲紗花",クレイリア,Heavenlyweeds,298.0,https://www.youtube.com/watch?v=C-zz4UsWXb4,リプ
342,【音MAD】悔ーマニ・エンゲイザー,3d_mania,3dmania2011,236.0,https://www.youtube.com/watch?v=XGvQghwuuS0,リプ
343,HORIZON (UBW Opening),じーぴーびー【ジャンヌオルタ朝霧スオウ推し】,gpbcdeee21584,242.0,https://www.youtube.com/watch?v=IQRygwKYQYo,リプ
344,サカナクション / ミュージック　-Music Video-,ろはまに,Rohan_Mania_w,342.0,https://www.youtube.com/watch?v=z2TNnnQbGJs,リプ
345,【オリジナル曲】「Dreamland」【ぼっとん#03】,大和キンTV_mania,Notfather_,154.0,https://www.youtube.com/watch?v=WRvOFZ_jQyc,リプ
346,森高千里 『渡良瀬橋』 (PV),相討里菜,sasuraisyogunda,232.0,https://www.youtube.com/watch?v=hYUrBTYuhAQ,リプ
347,"The Kid LAROI, Justin Bieber - STAY (Official Video)",竜田川📛,Montiti_mania,158.0,https://www.youtube.com/watch?v=kTJczUoc26U,リプ
348,フリージア　MUSIC VIDEO,さらーらっぷ。,daze321053,340.0,https://www.youtube.com/watch?v=Sqx2KT2hbOc,リプ
349,AIRMONLADY (SUPER FIRE PARNEST REMIX),白かゆ,okayujr717,196.0,https://www.nicovideo.jp/watch/sm32106338,リプ
350,PEOPLE 1 “鈴々” （Official Video）,豆乳@トリッカル,vrcl5,202.0,https://www.youtube.com/watch?v=7synqOiMORc,リプ
351,B1A4 - 이게 무슨 일이야 (What's Happening?),聖タプマニウス,seunghyun_mania,202.0,https://www.youtube.com/watch?v=oqxHy4G9FMI,リプ
352,Jane Remover - Dancing with your eyes closed,たまねぎ_mania,the_nuke114514,234.0,https://www.youtube.com/watch?v=QgyW9qjgIf4,リプ
353,今日もウララかケセラセラ！ (2021 Remastered Version),ハルウララ名言bot,HaruUraraDAMARE,247.0,https://www.youtube.com/watch?v=P_-XGKuxWRo,リプ
354,†ヒントはたこ焼き　ツボカツレイディオ†,Oyster_mania🦪,Oyster_mania,109.0,https://www.youtube.com/watch?v=N1YOT7MrKLM,リプ
355,【NEUTRINO】哀しみのチンフェ【Orpheusアレンジ】,千葉県松戸市六高台2-78-3_mania,kojintaku_mania,162.0,https://www.nicovideo.jp/watch/sm36475355,リプ
356,【音mad】Detarune 夢seiと望ッ希の平原,今日のことわざ名言bot,kyoukotomania12,176.0,https://www.youtube.com/watch?v=nd3wBuKaVCA,リプ
357,うんこちゃんとアマガエル,さくまに,inmujunhikamani,206.0,https://www.youtube.com/watch?v=pQhfAGFb-Gg,リプ
358,"わがままで何が悪い！ / 重音テト・初音ミク - My Way, So What!",🥝こっちゃん_m@nia🥝,kocchann114514,162.0,https://www.youtube.com/watch?v=fyvfjx7MHLw,リプ
359,redo metrobo,匿名,DM,296.0,https://sp.nicovideo.jp/watch/sm1607051,DM
360,とげとげサディスティック (5人 Ver.),まるくん_mania（marukun_mania）,marukun19911226,227.0,https://www.youtube.com/watch?v=s3VLIcSH64A,リプ
361,自分を信じろキットカット（きっと勝つ）〜受験生応援Song〜,ふたさんTV,Hutasun002,295.0,https://www.youtube.com/watch?v=AhpA7swxghk,リプ
362,Loren&Mash - Thanatos - If I Can't Be Yours - English and Japanese subtitles 和訳,Vesta_mania@千歳提督,Admiral_Chitose,289.0,https://www.youtube.com/watch?v=zLq0nAlJ9MM,リプ
363,地震にご用心？,匿名,DM,89.0,https://www.youtube.com/watch?v=zwlXpoJJr_s,DM
364,Slam,匿名,OIHeN_2_,338.0,https://www.youtube.com/watch?v=XW8LCWncbsg,DM
365,chase,ガキ_mania(ガキマニ),gaki_mania,145.0,https://www.youtube.com/watch?v=eiHqkDoFFFU,リプ
366,【初音ミク】　おるすばんけんま！　【オリジナルPV】,千葉県松戸市六高台2-78-3_mania,kojintaku_mania,173.0,https://www.youtube.com/watch?v=N7yAhGNbDzg,リプ
367,TK from 凛として時雨 『unravel』 Music Video(Full Size),しじょー_mania,shijo_mania,242.0,https://www.youtube.com/watch?v=Fve_lHIPa-I,リプ
368,ポルノグラフィティ『ヒトリノ夜』MUSIC VIDEO(アニメ『GTO』OPテーマ),メラルバ_mania,Merlarva_mania,261.0,https://www.youtube.com/watch?v=_rw6Vnyo8Sc,リプ
369,RAGE OF DUST,さらーらっぷ。,daze321053,201.0,https://www.youtube.com/watch?v=jiz-P61lrVk,リプ
370,Remix 7 - Rhythm Heaven Fever,匿名,sora201w,120.0,https://www.youtube.com/watch?v=Cymp5_npJK8,DM
371,うらわ高校はおしまい！,牙城オガかっさくテレビジョン,Htv_vfs,93.0,https://www.nicovideo.jp/watch/sm42311127,リプ
372,ス・満・イ・ｸｰ!　【音mad】,匿名,DM,50.0,https://www.youtube.com/watch?v=giBJThujKDo,DM
373,Voyaging Star's Farewell,キッチン_mania,kitigaimania,225.0,https://www.youtube.com/watch?v=0HrdRGuF2Y8,リプ
374,無条件 Full,富松,ACfIVz7FcC91964,215.0,https://www.youtube.com/watch?v=mCdUqlbId5U,リプ
375,【コメ付き】 Please kill my love,匿名,DM,244.0,https://www.youtube.com/watch?v=4qoxTcCiYCg,DM
376,２年前、ヒ◯キンと会った時の話【2019/05/02】,【公式】ニコチンTV,HikamerdesuTv,90.0,https://www.youtube.com/watch?v=Uhmaz58VMWk,リプ
377,【妖怪ウォッチ】ようかい体操第一,gabon_mania2,gabon_mania2,252.0,https://www.youtube.com/watch?v=VyKLQXOj0ts,リプ
378,Great Days,ペングーの問題@数学好き,np_jns,243.0,https://www.youtube.com/watch?v=UztXN2rKQNc,リプ
379,Little Dancer,目玉焼きマニア,x5diaf,203.0,https://www.youtube.com/watch?v=0eIfEHr0c7k,リプ
380,【公式】ザ・ハイロウズ「いかすぜOK」【18thシングル(2002/2/20)】THE HIGH-LOWS / Ikasuze OK,フォロ↘︎mania【公式】,ashi_ga_hachi,278.0,https://www.youtube.com/watch?v=a8Z9PufoeAw,リプ
381,jo0ji「I-BULL」Music Video | TVアニメ最終クール『BLEACH千年血戦篇-禍進譚-』 オープニングテーマ,フェアぎな🫶,ginanagi25,248.0,https://www.youtube.com/watch?v=P31CxorjHjI,リプ
382,Franz Ferdinand - Take Me Out (Video),ファボ無しRTの神_mania,no_faboRT,240.0,https://www.youtube.com/watch?v=Ijk4j-r7qPA,リプ
383,【音MAD】ヒカキン×レインボーロード,ヒカマーズオールスター_mania,coquette1919,99,https://www.youtube.com/watch?v=_1neA1UR8E4,リプ
384,Ameagarino Yozorani,フォロ↘︎mania【公式】,ashi_ga_hachi,287.0,https://www.youtube.com/watch?v=HEkWqvM6tQ8,リプ
385,【転載】新曲アナルHoldin' On移動,やんぐぽぺと,youngpopeto,215.0,https://www.youtube.com/watch?v=QCaazUtTFlY,リプ
386,尊師マーチ,ガチ恋民,_net_watcher,290.0,https://www.nicovideo.jp/watch/sm44141224,リプ
387,米津玄師 Kenshi Yonezu - KICKBACK,Phoenix kanoe@音mad作者になりたいヒカマー,kanoemaniaA,227.0,https://www.youtube.com/watch?v=M2cckDmNLMI,リプ
388,いますぐ輪廻 / 初音ミク,りつまに@Queen,Usuba_Ritsu,123.0,https://www.youtube.com/watch?v=3iUgKH8c7p4,リプ
389,B'z / LOVE PHANTOM,匿名,DM,276.0,https://www.youtube.com/watch?v=p7lHxFIe9H4,DM
390,【芸能山城組】アキラのテーマ / Akira Kaneda's Theme Extended Version,匿名,risahi578876,399.0,https://www.youtube.com/watch?v=GK4jviXPzMU,DM
391,GO MY WAY!! - Yayoi Takatsuki (THE IDOLM@STER),やよm@ni,takatsukiehy,284.0,https://www.youtube.com/watch?v=KLqQZU5hh1Q,リプ
392,Blazing Heart (English Ver.),Hikakin_manila,hikakin_manila,178.0,https://www.youtube.com/watch?v=JCLf9ofO-V4,リプ
393,SUPERCAR / YUMEGIWA LAST BOY (Official Music Video),ss hhu,sshhu6,254.0,https://www.youtube.com/watch?v=n_Hxf6SmiWY,リプ
394,新・改訂版　色々な警報音、通知音集めてみた！,日曜日始まった！bot,startnichiyoubi,172.0,https://www.youtube.com/watch?v=eof0K1ijp6o,リプ
395,Soaring! - David Shaffer (with Score),匿名,TETRIS_Love47,365.0,https://www.youtube.com/watch?v=tvnEKeuqt9A,DM
396,"LAUNCHED - Flowers Encounter Theme : Official Visualizer, (GIVE ME YOUR BEST OST)",ちょっぴり大豆アレルキン,I_love_vrgame,135.0,https://www.youtube.com/watch?v=k5Y6IvcD_B4,リプ
397,【7人のX】X Japan - オルガスム（Japanese ver Remix） 歌詞付き,下馬,3kKGF1EZnm519,195.0,https://www.youtube.com/watch?v=a2gz9LW5O64,リプ
398,恋のマニアヒ,ゲロ_mania,gero_mania,117.0,https://www.youtube.com/watch?v=QHF4vZ8GL7Y,リプ
399,ちんちんかいちゃダメ,かまりょうた,aiibbbibsjb,77.0,https://www.youtube.com/watch?v=4CSilsJYimw,リプ
400,Vanishing (Twice Updated) Song In The Basement Show v2.0 FNF Mod,あさると,6XFjSjOREKXdbJG,129.0,https://www.youtube.com/watch?v=JxdXY97-Z5g,リプ
401,FEX - Subways of your Mind (original cassette DEMO version),匿名,gf4_ix,251.0,https://www.youtube.com/watch?v=KgKKcz5sjSY,DM
402,ライトダンス,ネオ_mania,NeoZion_mania,212.0,https://www.youtube.com/watch?v=P93HaHCScjM,リプ
403,My Telepathy! Watashi No Atsui Kosen,ペルソナマニア,persona_mani,223.0,https://www.youtube.com/watch?v=TfernVBF5cE,リプ
404,Dreamin' (From Last Gigs),さえまに,saensmania50086,339.0,https://www.youtube.com/watch?v=Vp8lhkK3yQo,リプ
405,革命前夜,たどじんフリーダム,mikakunin_good,226.0,https://www.youtube.com/watch?v=i4qaHxGc4SA,リプ
406,ぼくらの (Bokurano) - Eve Music Video,ドンモモ_mania,Donmomo_mania,223.0,https://www.youtube.com/watch?v=exOi_zsOHwM,リプ
407,snooze / wotaku feat. SHIKI,りどあ,lidoa_00,177.0,https://www.youtube.com/watch?v=_gWn38pnmqI,リプ
408,ふぁんぶる！/ 重音テトSV,佐倉芽瑠,reisentyansuki,166.0,https://www.nicovideo.jp/watch/sm43841079,リプ
409,【和訳/English Subs】当那一天来/その日がやってきた時/When That Day Comes【中国軍歌/Chinese Military Song】,习近平/XíJìnpíng🇨🇳,XJP_Mania,257.0,https://www.youtube.com/watch?v=RQInBhDCma4,リプ
410,【發さんまとめ削除動画】†俺らは被爆者　げんぱつレイディオ†【ヒカキンmad】【2026/01/22】,ヒカマに,Jicama_mania,189.0,https://www.youtube.com/watch?v=qZ4EESSsW3A,リプ
411,ゆめうつつ - Daydream,風呂マニ,bath_mania99,305.0,https://www.youtube.com/watch?v=2TU72uQ6NLo,リプ
412,トップシークレットマン「日々、日々、思い出すとキミしか頭にない状態」,大和キンTV_mania,Notfather_,147.0,https://www.youtube.com/watch?v=ZCfXHwlc960,リプ
413,【MV】『NKTIDKSG DISCO FEVER』.AI,AOK_mania,AOKMANIA114514,280.0,https://www.youtube.com/watch?v=M2W1L3qGgYo,リプ
414,キタナクション - 下北沢26時,パスマニ,past_mania421,132.0,https://www.youtube.com/watch?v=hjeoq6Mp4Cc,リプ
415,ヒカキンばっかり,たくみなかう_mania,fgfa23,109.0,https://www.youtube.com/watch?v=JcQwjdo0bDU,リプ
416,学会歌「威風堂々の歌」,匿名,DM,117.0,https://www.youtube.com/watch?v=-Tyy3zTbVWc,DM
417,槇原敬之「僕が一番欲しかったもの」　歌詞付き,匿名,UiUA9d82IN42480,418,https://www.youtube.com/watch?v=gWsUEQV7iME,DM
418,アイデン貞貞メルトダウン,ちんぺたTV,tyuson_mania,244.0,https://www.youtube.com/watch?v=SID2OofwYyM,リプ
419,【最高音質】ジャスコで逢いましょう / ジャスコ イメージソング - 歌唱者不明,匿名,Elen_Joe_mania,182.0,https://www.youtube.com/watch?v=Oj-uRObAcPo,DM
420,ミ、ュージック,匿名,DM,61.0,https://www.youtube.com/watch?v=GChTAOKLDZM,DM
421,僕たちはアルカイダ (NDW Mix),下馬,3kKGF1EZnm519,67.0,https://www.youtube.com/watch?v=GbG-aR3zzn4,リプ
422,ヒカマーズアルカイダの曲 ピアノアレンジ,エッチキン,dnhuly,160,https://www.youtube.com/watch?v=NVfoP0DRztg,リプ
423,[OST] 1.5주년 재롱잔치 : (04) Warak - 끝까지 걸어가고 싶어 ft. 앤씨아,Rマー@もちしこは人類普遍のコンテンツ,hikamers_holy,182.0,https://www.youtube.com/watch?v=-C9T61xr38w,リプ
424,【ダウン症】２４時間テレビ　パーフェクトヒューマン,忠誠子星,wEfRr9A0K694818,228.0,https://www.youtube.com/watch?v=oMZuHXd7xEA,リプ
425,Mirror feat. JJJ,【転生】アメリカ_mania(社路),Amer1ca_mania,184.0,https://www.youtube.com/watch?v=KU2gbMgRQbI,リプ
426,岸田教団&THE明星ロケッツ_天鏡のアルデラミン_MUSIC VIDEO,ヒカマニ文化振興局,MakeHikamaniGre,215.0,https://www.youtube.com/watch?v=Aumyo47GuWQ,リプ
427,【Official Music Video】Morfonica「Resonant Strings」,✂︎ - - - チョキチョキ_mαniα - - -,hikakin_monica,244.0,https://www.youtube.com/watch?v=L8XFRxh0TeA,リプ
428,タルタルこうざん,ひつマニ,hitsumabushi_98,126.0,https://www.youtube.com/watch?v=Z4jRf4PPXJY,リプ
429,SOPHIA / cod-E～Eの暗号～,くらねす🪼,Sea_Tsuki_9rage,265.0,https://www.youtube.com/watch?v=xZiJwasME2o,リプ
430,MONTAGEM HIKARI歌ってみた　 #歌ってみた　#歌い手　#新参歌い手,ミスター・ポテトヘッド好きbot,moyoxtuPT2,63.0,https://www.youtube.com/watch?v=A9YqHaNSMrE,リプ
431,最終鬼畜地震速報なまずさま・Ｋ,ゴトマニ,eidan03,230.0,https://www.youtube.com/watch?v=4Kvyp7bXWRA,リプ
432,Tyler The Creator - Yonkers,政界の壊し屋キンTV@凍結,ozawakinikisugi,185.0,https://www.youtube.com/watch?v=XSbZidsgMfw,リプ
433,esoragoto『ツキカゲ』Music Video,クレイリア,Heavenlyweeds,222.0,https://www.youtube.com/watch?v=sF4yuzEnJeM,リプ
434,ヒカキンダンス／かいはつマニア,十字架_mania,maebahesioru2,107.0,https://www.youtube.com/watch?v=agC9rzxFPHQ,リプ
435,Lil Tecca - Ransom (Official Music Video),ゆきお_mania,yukio_mania,148.0,https://www.youtube.com/watch?v=1XzY2ij_vL4,リプ
436,03:No buts !／川田まみ（Audio),佐TENGA,4TpPv54yav31685,218.0,https://www.youtube.com/watch?v=j0XwN7EuKvY,リプ
437,P-Model - 2D or not 2D,ゆくエス @秋例行こうかな？,2EkoFtSjJM71808,200,https://www.youtube.com/watch?v=aj13Y_H6lDo,リプ
438,The Prodigy - Invaders Must Die (Official Video),L7,M_O_M_E_N_T_U_M,203.0,https://www.youtube.com/watch?v=EiqFcc_l_Kk,リプ
439,ワンダーランド,レバ刺し_mania,rawliver_mania,243.0,https://www.youtube.com/watch?v=2UkEzDvHiUU,リプ
440,P-MODEL - LICORICE LEAF (Live),ゆくエス @秋例行こうかな？,2EkoFtSjJM71808,263,https://www.youtube.com/watch?v=FbAL0xlrspU,リプ
441,PELICAN FANCLUB 『三原色』Music Video,アンチマニア（現代の異能）,heiwamania,208.0,https://www.youtube.com/watch?v=iOQawGuWnIQ,リプ
442,葛飾ラプソディー,十字架_mania,十字架_mania,169,https://www.youtube.com/watch?v=yEVEKekvbFo,DM
443,OZworld / Gear 5 REMIX feat. MIYACHI & Jinmenusagi（Prod. FOUX）【Official Music Video】,トラベル_mania,travel_mania337,234.0,https://www.youtube.com/watch?v=vJlobwJFV_o,リプ
444,【オリジナル曲】トワエモヴォヤージュ,ひままにあ,himama_mania,250.0,https://www.youtube.com/watch?v=m1o7s14x-9I,リプ
445,【合作晒しイベント】新春ヒカキンマニア合作【高品質版】,合法ロリコン@ヒカマー,hikamerkorosu,313.0,https://www.nicovideo.jp/watch/sm38102240,リプ
446,今 / ヒカキン & セイキン,教育ママニア,ORE_noPENISmiro,271.0,https://www.youtube.com/watch?v=1fiDau5i0Zg,リプ
447,バイバイハロー @ フリーBGM DOVA-SYNDROME OFFICIAL YouTube CHANNEL,HIKAVERSE,hijousyokumania,155.0,https://www.youtube.com/watch?v=J120uD-rcnQ,リプ
448,シド 『乱舞のメロディ』Music Video,バース_mania,G5_N81,241.0,https://www.youtube.com/watch?v=raMTMjaQ3mc,リプ
449,【音mad】マニアっぽいな(神っぽいな×hikakin_mania),ゲロ_mania,gero_mania,106.0,https://www.youtube.com/watch?v=KpuU9yv_JnU,リプ
450,ユーロまさゆき.mp9,おもぬけ(お漏らしは抜ける👍_mania),moraseJK_mania,211.0,https://www.nicovideo.jp/watch/sm19456046,リプ
451,【音MAD】ロフト,匿名,DM,91.0,https://www.youtube.com/watch?v=VboOsREpC5w,DM
452,夢路らびりんす,たどじんフリーダム,mikakunin_good,243.0,https://www.youtube.com/watch?v=21wZaNxoGTo,リプ
453,高槻やよい (Yayoi Takatsuki) - キラメキラリ [Official Audio],やよm@ni,takatsukiehy,244.0,https://www.youtube.com/watch?v=3FK3dQCrZRY,リプ
454,僕たちはアルイダ #ヒカマー#ヒカマーズアルカイダ,ヒカマーのツイート代行bot@完全匿名,hikamer_tor,58,https://www.youtube.com/watch?v=X1CzSHclzO8,リプ
455,【MV】マネ×拓『ウリで狂ったあと』.AI,AOK_mania,AOKMANIA114514,244.0,https://www.youtube.com/watch?v=eOlxg94eFxQ,リプ
456,宮本浩次－冬の花,トムパ,hikamaniGAY,266.0,https://www.youtube.com/watch?v=iQhRmQWwDYs,リプ
457,Popotan-Batake de Tsukamaete - UNDER17 (FULL VERSION),Dokuro_mania,Dokuro_mania,222.0,https://www.youtube.com/watch?v=bqdvWo1TM64,リプ
458,Nightcore - How To Be A Heartbreaker,ヅィユマニ,duliyu_,189,https://www.youtube.com/watch?v=O6NvsM49N6w,リプ
459,ARASHI - Love Rainbow [Official Music Video],翔,shiroko_riding,282.0,https://www.youtube.com/watch?v=gVY3thiyxmA,リプ
460,Live & Learn [Live],マリオくん_mania,marazzo411,290.0,https://www.youtube.com/watch?v=iQbc19KaCIQ,リプ
461,タクヤ・ストーリー,寿司キン,hikakingelion,83.0,https://www.nicovideo.jp/watch/sm46231464,リプ
462,トンデモマニアーズ,マンネルリズム,Nanachisabu,77.0,https://www.youtube.com/watch?v=vjUtqC-Ay7s,リプ
463,土方の拳OP「岡山を取り戻せ!!」,ヒカマーズ兵隊(旧:KBTIT_MANIA),MKjNubdNSJ31969,133.0,https://www.nicovideo.jp/watch/sm36735375,リプ
464,Nightcore - ,Z3_Maniaのサブ,hikamarnokyouji,136,https://www.youtube.com/watch?v=3bBcSBExIK8,リプ
465,【拾い動画】(MAD) RED ZONE 「NHK ZONE」,十字架_mania,十字架_mania,145,https://www.youtube.com/watch?v=NOpQGhRM3oc,DM
466,【from Arcaea/Rotaeno】Team Grimoire vs Aoi - Vulcānus【Official Audio】,☦︎︎⟡.·ヒカキン光輪.· ⟡☦︎︎,7095110mank,165.0,https://www.youtube.com/watch?v=d7TzvjyuMGM,リプ
467,Norwegian Wood (This Bird Has Flown) (Remastered 2009),ぶん🍣,114351a,125.0,https://www.youtube.com/watch?v=Y_V6y1ZCg_8,リプ
468,Dr.満己,十字架_mania,十字架_mania,76,https://www.nicovideo.jp/watch/sm35849200,DM
469,【合作】キヴォトスではおとめっどは恥ずかしいんだよ！,Phoenix kanoe@音mad作者になりたいヒカマー,kanoemaniaA,407.0,https://www.youtube.com/watch?v=YUMhTFTKjTw,リプ
470,ギャラクシー☆ばばんがBang!,⸸GiNりる⸸,ginsa_mandrill,227.0,https://www.youtube.com/watch?v=bdPyrk7SPTI,リプ
471,Warera - Anthem of Liberal Democratic Party of Japan,【公式】はろまに 🍥,hrhrmania,154.0,https://www.youtube.com/watch?v=aryzBU4Y5kc,リプ
472,鬱発言集／ヒカキン＆セイキン,ねんどキラーひじき卵,hikamani0,86.0,https://www.youtube.com/watch?v=nBgIZ31fOCQ,リプ
473,ブッChip あ〜ダメダメdamage　【KBTIToon】,りどあ,lidoa_00,118.0,https://www.youtube.com/watch?v=fttm9XOaj3k,リプ
474,붉은 노을 (Sunset Glow),聖タプマニウス,seunghyun_mania,205.0,https://www.youtube.com/watch?v=UJn-F2kPCaQ,リプ
475,ClariS 『コネクト』 -reformare- Music Video 【TVアニメ「魔法少女まどか☆マギカ」オープニングテーマ】,暁美きむら,x_inmuou,267.0,https://www.youtube.com/watch?v=7EuTPTVpuNI,リプ
476,ゴー･トゥ･枕仕事【音MAD】,冷showspeed,kgnsoey5wdo2twt,124.0,https://www.youtube.com/watch?v=dMcj64ec208,リプ
477,T.M.Revolution「Meteor  ～ミーティア～」歌詞 Lyrics『機動戦士ガンダムSEED』挿入歌,ぶん🍣,114351a,249.0,https://www.youtube.com/watch?v=dJ6a6HyOuOs,リプ
478,ディスコ・マクラシゴト,全然抜けねぇ_mania,Suzumi_mania,144.0,https://www.youtube.com/watch?v=iHtFj_7qF-4,リプ
479,聖人の仮面 (Suno AI) by kimuraakusiro,ヒカマーズアルカイダ帝国のジャーナリスト_mania,hikamershikamet,409,https://suno.com/song/59e59e31-9bcd-46fc-9068-bf7d71bfc51d,リプ
480,【Disc2】M14：Daydream Café／Petit Rabbit’s,ここまに,Cocoa_mania_X,255,https://www.youtube.com/watch?v=5ebZKVmedlA,リプ
481,ヒカマーズアルカイダの曲,文セ_mania,Hikamers_unko2,164.0,https://www.youtube.com/watch?v=6MDq1hmRaLI,リプ
482,アナ、ude Buster,十字架_mania,十字架_mania,76,https://www.youtube.com/watch?v=VT_nFeFH8mI,DM
483,サンサンサンデー（gigafile）,匿名,Winstone_pepe,254.0,https://99.gigafile.nu/0811-cdbb731b97c7c8a5d24f81d84628ee4de,DM
484,【音MAD】 マニアカートwii メサムラいせき,ぽんちキン,sekisei_mania,94.0,https://www.youtube.com/watch?v=_caJHVf0F2g,リプ
485,J.Geco - Chicken Song,Hates＝Peach,SElKlNMANIA,150.0,https://www.youtube.com/watch?v=msSc7Mv0QHY,リプ
486,【ハマス】男の物語【カッサム旅団】,ミール・シャー,J0XtUuH6i830192,296.0,https://www.nicovideo.jp/watch/sm36154758,リプ
487,alive ft. adachi rei,ハメツ_mania,HAMETU_mania,111.0,https://www.youtube.com/watch?v=Y8U5CsoEzyk,リプ
488,ケロロ軍曹 - ケロッ!とマーチ,匿名,DM,186.0,https://www.youtube.com/watch?v=2lGS-7oL2Gs,DM
489,Yahoo!ニュースのコメント欄テーマソング2/ヘイトキン＆鎖国キン【Hikakin_mania】,匿名,DM,329.0,https://sp.nicovideo.jp/watch/sm45533724,DM
490,RHYMESTER - B-BOYイスム,十字架_mania,十字架_mania,176,https://www.youtube.com/watch?v=y5kq1WnAQpg,DM
491,Creepy Nuts / 合法的トビ方ノススメ (Clean Ver.),匿名,mania_saimani,311,https://www.youtube.com/watch?v=UVaZf3GliDs,DM
492,Danimal Cannon & Zef - Corrupted,匿名,DM,377.0,https://www.youtube.com/watch?v=6j-eb-8huQc,DM
493,スカスカホールとシャワースキップ,もるふぃん（もるもる_mania）,GODKAMI810,251.0,https://www.nicovideo.jp/watch/sm45495566,リプ
494,【合作】Hikakin Mania愛好伝 ～中毒者へ捧げるメドレー,ヒカマーズ兵隊(旧:KBTIT_MANIA),MKjNubdNSJ31969,678.0,https://www.nicovideo.jp/watch/sm37199353,リプ
495,『見る前に概要欄』緊急地震速報vsヒカキン ボイパ対決 Bad Apple!!,十字架_mania,十字架_mania,133,https://www.youtube.com/watch?v=VTi9eixEWXk,DM
496,SHO - 薬物はやめろ ヤクブーツはやめろ(OFFICIAL MUSIC VIDEO),匿名,sora201w,253.0,https://www.youtube.com/watch?v=fYtevmyiYmU,DM
497,Refused - New Noise (Official Video),ア.ン.チ.ク.ラ.イ.ス.ト.マ.コ.ト.,g_a_right,313.0,https://www.youtube.com/watch?v=NkAe30aEG5c,リプ
498,Meant To Be,十字架_mania,十字架_mania,160,https://www.youtube.com/watch?v=TBrR-xL7lks,DM
499,み旨の応援歌,發バルサン,1n5TaqIKJM22025,231.0,https://www.youtube.com/watch?v=lWIOGNqLb4U,リプ
500,サライ,匿名,DM,386.0,https://www.youtube.com/watch?v=lMkso1T6BM0,DM
501,NITRO MICROPHONE UNDERGROUND (Official Music Video) Produced by DJ WATARAI,十字架_mania,十字架_mania,348,https://www.youtube.com/watch?v=CLxWD210f5Q,DM
502,最後の曲の前のスピーチ,十字架_mania,十字架_mania,34.2,mae.wav,特殊
503,？？？,匿名,Naoki_RockonKMR,289.5,https://mega.nz/file/1nUEHAYA,DM
504,エンディング,十字架_mania,十字架_mania,58.3,ed.wav,特殊
